Order_ID,Date,Region,Product_Category,Units_Sold,Unit_Price,Revenue,Month
10197,2023-01-02,East,Clothing,3.0,500,1500.0,1
10026,2023-01-03,South,Unknown,2.0,5,10.0,1
10068,2023-01-04,East,Clothing,5.0,500,2500.0,1
10212,2023-01-05,North,Clothing,3.0,5,15.0,1
10408,2023-01-06,North,Unknown,4.0,100,400.0,1
10104,2023-01-07,West,Home,1.0,50,200.0,1
10349,2023-01-08,West,Unknown,3.0,100,300.0,1
10186,2023-01-09,East,Electronics,3.0,100,232.9007465488348,1
10399,2023-01-10,North,Unknown,2.0,250,500.0,1
10024,2023-01-11,West,Unknown,1.0,20,20.0,1
10073,2023-01-12,South,Unknown,5.0,50,430.84052723347503,1
10346,2023-01-13,South,Clothing,5.0,250,1250.0,1
10367,2023-01-14,North,Clothing,4.0,500,2000.0,1
10043,2023-01-15,North,Home,2.0,5,10.0,1
10219,2023-01-16,North,Books,4.0,250,1000.0,1
10393,2023-01-17,East,Electronics,3.0,500,1500.0,1
10168,2023-01-18,South,Clothing,1.0,500,500.0,1
10487,2023-01-19,South,Unknown,4.0,20,80.0,1
10069,2023-01-20,East,Clothing,4.0,100,400.0,1
10433,2023-01-21,South,Books,3.0,5,200.0,1
10384,2023-01-22,East,Electronics,5.0,100,500.0,1
10392,2023-01-23,South,Books,1.0,50,50.0,1
10429,2023-01-24,East,Clothing,2.0,100,200.0,1
10001,2023-01-25,East,Home,1.0,500,500.0,1
10076,2023-01-26,South,Electronics,1.0,100,100.0,1
10312,2023-01-27,South,Electronics,3.0,20,60.0,1
10251,2023-01-28,East,Books,2.0,100,200.0,1
10007,2023-01-29,West,Electronics,1.0,500,500.0,1
10276,2023-01-30,North,Unknown,4.0,50,200.0,1
10045,2023-02-01,South,Books,5.0,500,2500.0,2
10192,2023-02-02,South,Clothing,1.0,50,50.0,2
10326,2023-02-03,East,Electronics,2.0,5,10.0,2
10313,2023-02-04,South,Clothing,1.0,50,200.0,2
10153,2023-02-05,East,Books,3.0,50,150.0,2
10438,2023-02-07,West,Clothing,2.0,500,1000.0,2
10113,2023-02-08,West,Unknown,5.0,50,200.0,2
10252,2023-02-09,South,Books,3.0,5,15.0,2
10190,2023-02-10,South,Home,3.0,250,750.0,2
10449,2023-02-11,South,Books,5.0,20,100.0,2
10291,2023-02-12,South,Electronics,2.0,250,500.0,2
10313,2023-02-13,West,Electronics,2.0,50,200.0,2
10202,2023-02-14,West,Electronics,5.0,250,1250.0,2
10463,2023-02-15,West,Clothing,1.0,50,50.0,2
10039,2023-02-16,East,Clothing,1.0,5,5.0,2
10261,2023-02-17,South,Electronics,3.0,500,1500.0,2
10495,2023-02-18,East,Books,3.0,50,200.0,2
10138,2023-02-19,South,Home,2.0,100,200.0,2
10344,2023-02-20,West,Books,2.0,250,500.0,2
10484,2023-02-21,North,Clothing,5.0,20,100.0,2
10196,2023-02-22,South,Home,3.0,5,15.0,2
10073,2023-02-23,North,Clothing,2.0,250,500.0,2
10340,2023-02-24,West,Home,5.0,100,500.0,2
10433,2023-02-25,West,Home,5.0,50,200.0,2
10258,2023-02-26,West,Unknown,4.0,50,200.0,2
10193,2023-02-27,North,Unknown,3.0,20,200.0,2
10401,2023-02-28,West,Electronics,1.0,20,20.0,2
10375,2023-03-01,North,Clothing,3.0,100,300.0,3
10416,2023-03-02,West,Books,5.0,50,200.0,3
10350,2023-03-03,South,Books,3.0,5,200.0,3
10429,2023-03-04,North,Clothing,2.0,250,500.0,3
10093,2023-03-05,East,Books,5.0,100,500.0,3
10253,2023-03-06,South,Clothing,2.0,20,40.0,3
10072,2023-03-07,South,Electronics,3.0,500,1500.0,3
10280,2023-03-08,West,Books,5.0,50,200.0,3
10011,2023-03-09,South,Clothing,5.0,50,250.0,3
10234,2023-03-10,East,Unknown,1.0,100,100.0,3
10292,2023-03-11,South,Home,2.0,100,200.0,3
10449,2023-03-12,North,Electronics,3.0,5,200.0,3
10318,2023-03-13,East,Unknown,4.0,50,200.0,3
10392,2023-03-14,North,Home,4.0,50,200.0,3
10152,2023-03-15,East,Unknown,2.0,100,200.0,3
10093,2023-03-16,West,Clothing,3.0,100,300.0,3
10248,2023-03-17,West,Unknown,2.0,250,500.0,3
10225,2023-03-18,South,Unknown,1.0,250,250.0,3
10150,2023-03-19,West,Home,2.0,20,40.0,3
10357,2023-03-20,West,Electronics,4.0,50,200.0,3
10420,2023-03-21,South,Books,3.0,5,15.0,3
10482,2023-03-22,South,Books,3.0,50,200.0,3
10068,2023-03-23,West,Clothing,2.0,50,100.0,3
10380,2023-03-24,South,Unknown,3.0,250,750.0,3
10220,2023-03-25,North,Electronics,5.0,missing,200.0,3
10020,2023-03-27,North,Electronics,5.0,50,250.0,3
10412,2023-03-28,South,Electronics,2.0,20,40.0,3
10005,2023-03-29,North,Unknown,4.0,5,19.11024965782941,3
10276,2023-03-30,East,Clothing,5.0,500,2500.0,3
10034,2023-03-31,North,Books,2.0,100,200.0,3
10124,2023-04-01,South,Books,3.0,250,750.0,4
10287,2023-04-02,South,Clothing,5.0,50,250.0,4
10186,2023-04-03,West,Clothing,4.0,5,20.0,4
10230,2023-04-04,South,Books,5.0,50,250.0,4
10330,2023-04-05,South,Books,1.0,20,20.0,4
10478,2023-04-06,South,Electronics,1.0,500,500.0,4
10466,2023-04-07,East,Electronics,4.0,500,2000.0,4
10384,2023-04-08,North,Unknown,4.0,250,1000.0,4
10416,2023-04-09,East,Unknown,1.0,50,50.0,4
10131,2023-04-10,South,Clothing,1.0,500,500.0,4
10084,2023-04-11,West,Books,2.0,20,40.0,4
10435,2023-04-12,South,Books,4.0,5,20.0,4
10403,2023-04-13,West,Home,3.0,250,750.0,4
10022,2023-04-14,South,Electronics,4.0,5,20.0,4
10120,2023-04-15,West,Clothing,1.0,50,200.0,4
10068,2023-04-16,East,Electronics,4.0,500,2000.0,4
10204,2023-04-17,South,Home,1.0,50,200.0,4
10443,2023-04-18,North,Electronics,5.0,500,2500.0,4
10048,2023-04-19,North,Books,2.0,20,40.0,4
10273,2023-04-20,South,Home,1.0,500,500.0,4
10013,2023-04-21,South,Home,5.0,250,1250.0,4
10350,2023-04-22,East,Books,2.0,50,200.0,4
10108,2023-04-23,East,Electronics,3.0,50,150.0,4
10234,2023-04-24,East,Home,1.0,250,250.0,4
10394,2023-04-25,West,Electronics,2.0,5,10.0,4
10333,2023-04-26,West,Books,3.0,500,1500.0,4
10324,2023-04-27,North,Electronics,2.0,5,10.0,4
10111,2023-04-28,South,Books,3.0,20,60.0,4
10143,2023-04-29,North,Books,2.0,50,100.0,4
10125,2023-04-30,North,Home,3.0,500,1500.0,4
10277,2023-05-01,East,Electronics,1.0,50,200.0,5
10310,2023-05-02,South,Books,3.0,5,7.893162050305754,5
10400,2023-05-03,West,Clothing,4.0,500,2000.0,5
10316,2023-05-04,South,Electronics,5.0,250,1250.0,5
10036,2023-05-05,South,Books,4.0,50,200.0,5
10305,2023-05-06,West,Clothing,1.0,250,250.0,5
10261,2023-05-07,South,Unknown,3.0,500,1500.0,5
10300,2023-05-08,North,Books,5.0,250,1250.0,5
10457,2023-05-09,West,Clothing,4.0,100,400.0,5
10475,2023-05-10,South,Home,1.0,50,50.0,5
10251,2023-05-11,South,Electronics,1.0,20,20.0,5
10055,2023-05-12,East,Home,3.0,50,200.0,5
10044,2023-05-13,North,Unknown,3.0,20,60.0,5
10496,2023-05-14,East,Clothing,1.0,250,250.0,5
10216,2023-05-15,North,Unknown,2.0,20,40.0,5
10462,2023-05-16,South,Home,2.0,500,445.1216564389623,5
10435,2023-05-17,South,Home,5.0,250,1250.0,5
10040,2023-05-18,South,Home,2.0,500,1000.0,5
10132,2023-05-19,North,Books,5.0,500,2500.0,5
10414,2023-05-20,West,Home,5.0,100,500.0,5
10397,2023-05-21,West,Electronics,2.0,250,500.0,5
10461,2023-05-22,East,Clothing,5.0,50,250.0,5
10336,2023-05-23,North,Unknown,1.0,50,200.0,5
10286,2023-05-24,East,Electronics,3.0,5,15.0,5
10137,2023-05-25,South,Clothing,1.0,50,50.0,5
10055,2023-05-26,South,Unknown,2.0,100,200.0,5
10167,2023-05-27,West,Books,2.0,50,100.0,5
10374,2023-05-28,North,Electronics,5.0,50,250.0,5
10199,2023-05-29,North,Electronics,5.0,250,1250.0,5
10150,2023-05-30,North,Home,2.0,250,500.0,5
10045,2023-05-31,South,Home,2.0,missing,200.0,5
10476,2023-06-01,North,Unknown,3.0,500,200.0,6
10136,2023-06-02,North,Unknown,1.0,5,7.189846915763899,6
10210,2023-06-03,North,Unknown,3.0,missing,200.0,6
10491,2023-06-04,West,Unknown,4.0,50,200.0,6
10496,2023-06-05,East,Clothing,4.0,20,80.0,6
10198,2023-06-06,East,Books,1.0,50,200.0,6
10101,2023-06-07,North,Home,2.0,50,200.0,6
10181,2023-06-08,South,Unknown,1.0,50,50.0,6
10490,2023-06-09,North,Electronics,5.0,500,2500.0,6
10170,2023-06-10,North,Unknown,5.0,5,25.0,6
10030,2023-06-11,East,Unknown,5.0,100,500.0,6
10283,2023-06-12,North,Books,3.0,50,200.0,6
10321,2023-06-13,North,Books,1.0,50,50.0,6
10253,2023-06-14,South,Electronics,5.0,20,100.0,6
10191,2023-06-15,West,Electronics,1.0,50,200.0,6
10215,2023-06-16,East,Clothing,2.0,500,1000.0,6
10227,2023-06-17,East,Home,1.0,5,5.0,6
10013,2023-06-18,East,Clothing,3.0,100,300.0,6
10135,2023-06-19,North,Clothing,4.0,missing,400.0,6
10419,2023-06-21,West,Clothing,4.0,20,80.0,6
10444,2023-06-22,North,Unknown,1.0,5,5.0,6
10107,2023-06-23,North,Clothing,5.0,5,25.0,6
10111,2023-06-24,West,Unknown,1.0,50,50.0,6
10373,2023-06-25,West,Clothing,2.0,50,100.0,6
10498,2023-06-26,South,Electronics,2.0,50,200.0,6
10350,2023-06-27,West,Electronics,5.0,50,200.0,6
10487,2023-06-28,North,Electronics,3.0,50,200.0,6
10235,2023-06-29,East,Books,5.0,5,25.0,6
10018,2023-06-30,West,Clothing,4.0,100,400.0,6
10006,2023-07-01,West,Home,3.0,100,300.0,7
10336,2023-07-02,East,Clothing,5.0,500,2500.0,7
10050,2023-07-03,North,Clothing,2.0,500,1000.0,7
10439,2023-07-04,West,Clothing,2.0,500,1000.0,7
10106,2023-07-06,West,Electronics,4.0,250,1000.0,7
10489,2023-07-07,East,Home,3.0,250,750.0,7
10477,2023-07-08,North,Clothing,4.0,20,80.0,7
10183,2023-07-09,West,Clothing,5.0,20,100.0,7
10176,2023-07-10,South,Electronics,4.0,5,20.0,7
10422,2023-07-11,East,Unknown,3.0,50,200.0,7
10458,2023-07-12,North,Clothing,4.0,5,20.0,7
10088,2023-07-13,South,Electronics,2.0,50,100.0,7
10150,2023-07-14,South,Clothing,3.0,250,750.0,7
10261,2023-07-15,South,Unknown,5.0,20,100.0,7
10077,2023-07-17,South,Electronics,1.0,500,500.0,7
10234,2023-07-18,North,Home,2.0,5,10.0,7
10332,2023-07-19,North,Books,2.0,50,100.0,7
10263,2023-07-20,West,Books,2.0,100,200.0,7
10377,2023-07-21,North,Clothing,2.0,250,500.0,7
10226,2023-07-22,East,Unknown,2.0,missing,200.0,7
10470,2023-07-23,North,Electronics,3.0,5,15.0,7
10086,2023-07-24,South,Books,2.0,5,10.0,7
10159,2023-07-25,West,Unknown,5.0,100,500.0,7
10364,2023-07-26,South,Unknown,1.0,5,5.0,7
10477,2023-07-27,South,Home,3.0,20,200.0,7
10313,2023-07-28,South,Clothing,2.0,50,200.0,7
10308,2023-07-29,South,Clothing,5.0,50,250.0,7
10248,2023-07-30,East,Electronics,4.0,missing,200.0,7
10184,2023-07-31,South,Unknown,5.0,50,250.0,7
10122,2023-08-01,West,Books,3.0,5,15.0,8
10397,2023-08-02,West,Electronics,2.0,5,14.75260429729112,8
10077,2023-08-03,North,Electronics,4.0,20,80.0,8
10366,2023-08-04,South,Electronics,2.0,50,100.0,8
10421,2023-08-05,North,Books,3.0,50,200.0,8
10200,2023-08-06,West,Electronics,4.0,250,1000.0,8
10086,2023-08-07,East,Home,1.0,100,107.5482662965244,8
10187,2023-08-08,East,Books,5.0,100,500.0,8
10298,2023-08-09,East,Unknown,3.0,missing,150.0,8
10231,2023-08-10,East,Books,3.0,100,300.0,8
10400,2023-08-11,West,Clothing,4.0,50,200.0,8
10300,2023-08-12,North,Clothing,5.0,50,200.0,8
10316,2023-08-13,East,Unknown,1.0,50,50.0,8
10339,2023-08-14,West,Unknown,2.0,500,1000.0,8
10064,2023-08-15,East,Clothing,1.0,250,250.0,8
10413,2023-08-16,North,Electronics,3.0,50,200.0,8
10401,2023-08-17,West,Books,3.0,100,300.0,8
10390,2023-08-18,South,Books,4.0,100,400.0,8
10036,2023-08-19,South,Home,1.0,100,100.0,8
10289,2023-08-21,West,Clothing,1.0,5,5.0,8
10118,2023-08-22,East,Electronics,4.0,250,924.4709591785704,8
10216,2023-08-23,East,Electronics,1.0,missing,200.0,8
10480,2023-08-24,South,Home,5.0,50,250.0,8
10162,2023-08-25,South,Unknown,3.0,500,1500.0,8
10046,2023-08-26,East,Home,4.0,50,200.0,8
10425,2023-08-27,South,Unknown,4.0,250,1000.0,8
10117,2023-08-28,West,Unknown,2.0,20,40.0,8
10476,2023-08-29,West,Clothing,3.0,250,750.0,8
10399,2023-08-30,South,Unknown,1.0,50,76.52743453645604,8
10046,2023-08-31,West,Books,5.0,500,2500.0,8
10362,2023-09-01,West,Electronics,3.0,missing,15.0,9
10043,2023-09-02,East,Books,2.0,20,61.52860500731887,9
10353,2023-09-03,South,Unknown,3.0,500,1500.0,9
10291,2023-09-04,North,Home,3.0,50,150.0,9
10096,2023-09-05,North,Home,1.0,5,5.0,9
10369,2023-09-06,West,Home,3.0,500,2631.623831108667,9
10184,2023-09-07,South,Electronics,4.0,250,1000.0,9
10231,2023-09-08,South,Unknown,4.0,50,200.0,9
10403,2023-09-09,West,Clothing,3.0,250,200.0,9
10266,2023-09-10,South,Clothing,5.0,50,200.0,9
10458,2023-09-11,East,Home,5.0,50,250.0,9
10270,2023-09-12,North,Books,1.0,500,500.0,9
10342,2023-09-13,East,Home,3.0,100,300.0,9
10428,2023-09-14,North,Books,2.0,50,100.0,9
10002,2023-09-15,East,Electronics,2.0,50,200.0,9
10288,2023-09-16,South,Clothing,2.0,5,10.0,9
10399,2023-09-17,South,Electronics,4.0,50,200.0,9
10209,2023-09-18,South,Books,3.0,5,15.0,9
10049,2023-09-19,South,Home,3.0,missing,1500.0,9
10154,2023-09-20,South,Unknown,3.0,100,300.0,9
10498,2023-09-21,East,Unknown,3.0,50,200.0,9
10495,2023-09-22,South,Clothing,3.0,50,200.0,9
10470,2023-09-24,South,Electronics,3.0,250,200.0,9
10468,2023-09-25,North,Unknown,4.0,50,200.0,9
10256,2023-09-26,West,Home,3.0,50,200.0,9
10339,2023-09-27,West,Unknown,3.0,50,200.0,9
10065,2023-09-28,South,Clothing,5.0,5,25.0,9
10462,2023-09-29,North,Electronics,4.0,100,400.0,9
10315,2023-09-30,South,Home,2.0,5,10.0,9
10267,2023-10-01,West,Unknown,2.0,100,200.0,10
10437,2023-10-02,South,Electronics,1.0,20,20.0,10
10028,2023-10-03,West,Clothing,2.0,50,100.0,10
10157,2023-10-04,East,Books,3.0,500,1500.0,10
10009,2023-10-05,North,Books,3.0,20,60.0,10
10248,2023-10-06,East,Clothing,5.0,5,25.0,10
10482,2023-10-07,East,Clothing,2.0,500,1000.0,10
10101,2023-10-08,South,Books,4.0,20,80.0,10
10474,2023-10-09,North,Home,3.0,5,15.0,10
10429,2023-10-10,West,Home,2.0,50,200.0,10
10255,2023-10-11,North,Electronics,5.0,50,200.0,10
10436,2023-10-12,West,Electronics,2.0,50,200.0,10
10311,2023-10-13,East,Electronics,3.0,100,300.0,10
10299,2023-10-14,East,Home,2.0,50,100.0,10
10349,2023-10-15,North,Home,4.0,50,200.0,10
10008,2023-10-16,South,Books,1.0,20,20.0,10
10242,2023-10-17,South,Books,1.0,50,200.0,10
10144,2023-10-18,East,Home,4.0,5,20.0,10
10129,2023-10-19,East,Unknown,3.0,20,60.0,10
10211,2023-10-20,South,Electronics,4.0,500,2000.0,10
10232,2023-10-21,East,Unknown,1.0,100,100.0,10
10493,2023-10-22,West,Home,5.0,50,250.0,10
10177,2023-10-23,North,Home,1.0,20,20.0,10
10449,2023-10-24,West,Electronics,3.0,20,200.0,10
10010,2023-10-26,South,Clothing,5.0,5,25.0,10
10303,2023-10-27,East,Unknown,2.0,500,1000.0,10
10441,2023-10-28,North,Books,4.0,100,400.0,10
10483,2023-10-29,West,Unknown,3.0,20,200.0,10
10177,2023-10-30,South,Electronics,4.0,5,20.0,10
10128,2023-10-31,South,Electronics,4.0,100,400.0,10
10428,2023-11-01,South,Clothing,1.0,20,20.0,11
10006,2023-11-02,South,Books,1.0,5,4.379511133576272,11
10406,2023-11-03,North,Clothing,4.0,100,400.0,11
10145,2023-11-04,North,Home,3.0,250,750.0,11
10490,2023-11-05,West,Home,3.0,50,200.0,11
10012,2023-11-06,North,Home,2.0,100,200.0,11
10363,2023-11-07,South,Electronics,2.0,250,500.0,11
10161,2023-11-08,West,Home,5.0,50,200.0,11
10297,2023-11-09,West,Clothing,3.0,50,200.0,11
10037,2023-11-10,South,Clothing,3.0,50,200.0,11
10070,2023-11-11,South,Books,1.0,20,20.0,11
10413,2023-11-12,West,Electronics,3.0,100,300.0,11
10364,2023-11-13,South,Electronics,4.0,missing,200.0,11
10094,2023-11-14,West,Unknown,4.0,50,200.0,11
10050,2023-11-15,East,Home,5.0,100,500.0,11
10318,2023-11-16,West,Unknown,5.0,250,1250.0,11
10367,2023-11-17,South,Electronics,5.0,250,1250.0,11
10491,2023-11-18,East,Clothing,1.0,100,100.0,11
10437,2023-11-19,South,Clothing,1.0,100,38.74877637932017,11
10497,2023-11-20,South,Books,1.0,250,250.0,11
10224,2023-11-21,West,Electronics,2.0,50,100.0,11
10136,2023-11-22,South,Clothing,4.0,50,200.0,11
10093,2023-11-23,East,Books,3.0,250,750.0,11
10496,2023-11-24,South,Home,4.0,250,1000.0,11
10315,2023-11-25,North,Unknown,4.0,250,1000.0,11
10179,2023-11-26,West,Home,4.0,500,2000.0,11
10177,2023-11-27,West,Unknown,2.0,500,1000.0,11
10335,2023-11-28,South,Clothing,5.0,50,200.0,11
10048,2023-11-29,West,Books,5.0,5,25.0,11
10127,2023-11-30,West,Home,5.0,250,1250.0,11
10462,2023-12-02,West,Clothing,3.0,500,1500.0,12
10212,2023-12-03,East,Books,3.0,5,15.0,12
10106,2023-12-04,East,Unknown,3.0,50,150.0,12
10078,2023-12-05,North,Books,2.0,100,200.0,12
10025,2023-12-06,South,Electronics,3.0,100,300.0,12
10068,2023-12-07,East,Home,4.0,50,200.0,12
10392,2023-12-08,North,Clothing,4.0,5,20.0,12
10050,2023-12-09,North,Clothing,1.0,250,250.0,12
10491,2023-12-10,East,Clothing,5.0,250,1250.0,12
10417,2023-12-11,South,Electronics,1.0,50,200.0,12
10034,2023-12-12,East,Books,2.0,5,10.0,12
10332,2023-12-13,East,Home,3.0,20,60.0,12
10348,2023-12-14,East,Home,5.0,50,200.0,12
10069,2023-12-15,East,Electronics,2.0,250,500.0,12
10231,2023-12-16,South,Electronics,5.0,50,250.0,12
10096,2023-12-17,South,Clothing,4.0,50,200.0,12
10126,2023-12-18,South,Books,4.0,50,200.0,12
10252,2023-12-19,East,Electronics,2.0,5,10.0,12
10498,2023-12-20,East,Books,3.0,100,200.0,12
10062,2023-12-21,South,Home,4.0,20,80.0,12
10351,2023-12-22,South,Home,1.0,5,5.0,12
10079,2023-12-23,West,Home,5.0,5,25.0,12
10365,2023-12-24,South,Unknown,3.0,500,1500.0,12
10428,2023-12-25,West,Clothing,5.0,50,200.0,12
10077,2023-12-26,East,Electronics,4.0,50,200.0,12
10401,2023-12-27,South,Clothing,3.0,5,200.0,12
10123,2023-12-29,West,Unknown,4.0,50,200.0,12
10411,2023-12-30,South,Unknown,5.0,50,250.0,12
10481,2023-12-31,East,Unknown,1.0,5,5.0,12
10381,2024-01-01,South,Books,5.0,100,500.0,1
10492,2024-01-02,East,Unknown,5.0,50,250.0,1
10009,2024-01-04,West,Unknown,5.0,250,1250.0,1
10181,2024-01-05,West,Books,4.0,250,1000.0,1
10095,2024-01-06,South,Books,5.0,500,2500.0,1
10354,2024-01-07,West,Unknown,4.0,20,80.0,1
10208,2024-01-08,West,Clothing,3.0,50,150.0,1
10407,2024-01-09,North,Clothing,3.0,500,200.0,1
10185,2024-01-10,South,Unknown,3.0,50,200.0,1
10182,2024-01-11,East,Electronics,1.0,250,250.0,1
10035,2024-01-12,South,Home,1.0,20,20.0,1
10269,2024-01-13,East,Unknown,3.0,missing,750.0,1
10261,2024-01-14,East,Clothing,3.0,missing,300.0,1
10045,2024-01-15,South,Home,4.0,50,200.0,1
10312,2024-01-16,West,Clothing,1.0,missing,100.0,1
10277,2024-01-17,East,Clothing,4.0,250,1000.0,1
10300,2024-01-18,West,Unknown,3.0,5,200.0,1
10434,2024-01-19,South,Electronics,5.0,250,1250.0,1
10275,2024-01-20,East,Clothing,4.0,500,2000.0,1
10185,2024-01-21,South,Electronics,3.0,50,200.0,1
10150,2024-01-22,South,Home,5.0,50,250.0,1
10435,2024-01-23,East,Books,1.0,5,5.0,1
10122,2024-01-24,West,Home,5.0,5,25.0,1
10407,2024-01-25,South,Clothing,4.0,250,1000.0,1
10019,2024-01-26,East,Clothing,3.0,250,750.0,1
10454,2024-01-27,East,Electronics,3.0,250,750.0,1
10360,2024-01-28,West,Unknown,1.0,50,200.0,1
10248,2024-01-29,North,Home,1.0,100,100.0,1
10006,2024-01-30,West,Electronics,2.0,100,200.0,1
10134,2024-01-31,South,Home,2.0,20,40.0,1
10327,2024-02-01,South,Clothing,3.0,100,300.0,2
10480,2024-02-02,South,Clothing,2.0,50,100.0,2
10158,2024-02-03,North,Books,5.0,500,2500.0,2
10401,2024-02-04,South,Electronics,1.0,500,500.0,2
10427,2024-02-05,East,Unknown,5.0,20,100.0,2
10247,2024-02-06,East,Books,4.0,20,80.0,2
10431,2024-02-07,North,Books,2.0,500,1000.0,2
10069,2024-02-08,South,Books,5.0,250,1250.0,2
10239,2024-02-09,East,Unknown,4.0,50,200.0,2
10103,2024-02-10,South,Unknown,1.0,missing,20.0,2
10206,2024-02-11,South,Unknown,5.0,50,250.0,2
10451,2024-02-12,South,Books,2.0,500,1000.0,2
10397,2024-02-13,North,Electronics,4.0,50,200.0,2
10311,2024-02-14,East,Books,4.0,50,200.0,2
10089,2024-02-15,West,Unknown,5.0,50,200.0,2
10092,2024-02-16,South,Clothing,4.0,250,1000.0,2
10440,2024-02-17,North,Home,5.0,100,500.0,2
10017,2024-02-18,East,Clothing,5.0,50,200.0,2
10495,2024-02-19,South,Clothing,2.0,100,200.0,2
10381,2024-02-20,West,Books,4.0,500,2000.0,2
10134,2024-02-21,East,Electronics,3.0,250,750.0,2
10105,2024-02-22,South,Clothing,1.0,5,3.5922097332753222,2
10094,2024-02-23,South,Home,3.0,500,1500.0,2
10074,2024-02-24,East,Clothing,5.0,50,250.0,2
10429,2024-02-25,South,Home,3.0,50,200.0,2
10184,2024-02-26,West,Home,3.0,100,153.59382487709266,2
10296,2024-02-27,South,Home,3.0,250,750.0,2
10207,2024-02-28,South,Unknown,4.0,250,1000.0,2
10455,2024-02-29,North,Books,5.0,100,500.0,2
10191,2024-03-01,East,Unknown,5.0,20,100.0,3
10387,2024-03-02,North,Clothing,2.0,20,40.0,3
10038,2024-03-03,South,Clothing,2.0,50,200.0,3
10343,2024-03-04,South,Clothing,2.0,5,10.0,3
10242,2024-03-05,West,Home,5.0,50,200.0,3
10266,2024-03-07,North,Electronics,2.0,20,40.0,3
10164,2024-03-08,South,Books,5.0,50,250.0,3
10016,2024-03-09,East,Home,4.0,50,200.0,3
10405,2024-03-10,South,Home,3.0,100,200.0,3
10161,2024-03-11,East,Clothing,4.0,500,2000.0,3
10406,2024-03-13,South,Home,4.0,20,80.0,3
10199,2024-03-14,South,Electronics,2.0,50,100.0,3
10469,2024-03-15,North,Electronics,5.0,50,200.0,3
10385,2024-03-16,South,Electronics,2.0,5,10.0,3
10213,2024-03-17,North,Clothing,5.0,50,200.0,3
10034,2024-03-18,South,Home,3.0,250,750.0,3
10022,2024-03-19,South,Books,2.0,20,40.0,3
10323,2024-03-20,West,Books,3.0,5,15.0,3
10304,2024-03-22,East,Electronics,2.0,500,1000.0,3
10140,2024-03-23,South,Home,1.0,250,250.0,3
10457,2024-03-25,North,Electronics,1.0,50,200.0,3
10238,2024-03-26,North,Home,2.0,20,40.0,3
10172,2024-03-27,West,Electronics,3.0,50,200.0,3
10254,2024-03-28,North,Electronics,5.0,50,250.0,3
10200,2024-03-29,South,Unknown,3.0,50,200.0,3
10310,2024-03-30,East,Home,2.0,250,500.0,3
10264,2024-03-31,South,Unknown,2.0,missing,200.0,3
10406,2024-04-01,East,Books,3.0,500,200.0,4
10127,2024-04-02,West,Home,4.0,5,20.0,4
10276,2024-04-03,West,Electronics,5.0,500,2500.0,4
10488,2024-04-04,East,Unknown,3.0,50,200.0,4
10343,2024-04-05,South,Books,2.0,250,500.0,4
10302,2024-04-06,East,Electronics,5.0,50,200.0,4
10435,2024-04-07,South,Clothing,2.0,50,200.0,4
10228,2024-04-08,West,Home,2.0,100,200.0,4
10383,2024-04-09,North,Clothing,3.0,250,750.0,4
10338,2024-04-10,East,Books,2.0,100,200.0,4
10034,2024-04-11,East,Books,1.0,250,250.0,4
10265,2024-04-12,West,Electronics,2.0,20,40.0,4
10373,2024-04-13,West,Books,1.0,missing,500.0,4
10208,2024-04-14,South,Clothing,3.0,500,1500.0,4
10459,2024-04-15,North,Electronics,4.0,500,2000.0,4
10275,2024-04-16,West,Electronics,3.0,500,1500.0,4
10476,2024-04-17,West,Unknown,1.0,500,655.9442083273364,4
10444,2024-04-18,East,Electronics,4.0,20,80.0,4
10082,2024-04-19,West,Unknown,4.0,50,200.0,4
10475,2024-04-20,South,Unknown,1.0,50,50.0,4
10104,2024-04-21,South,Electronics,3.0,50,221.3521518840043,4
10385,2024-04-22,South,Clothing,3.0,250,200.0,4
10073,2024-04-23,South,Home,5.0,500,2500.0,4
10398,2024-04-24,South,Home,3.0,100,300.0,4
10153,2024-04-25,East,Clothing,2.0,250,332.4520644704397,4
10269,2024-04-26,North,Home,1.0,250,250.0,4
10178,2024-04-27,West,Books,1.0,100,100.0,4
10227,2024-04-28,South,Home,2.0,50,200.0,4
10196,2024-04-29,South,Books,3.0,50,200.0,4
10125,2024-04-30,North,Books,3.0,250,750.0,4
10097,2024-05-01,North,Books,1.0,20,20.0,5
10219,2024-05-02,North,Electronics,3.0,50,150.0,5
10338,2024-05-03,South,Home,3.0,250,750.0,5
10204,2024-05-04,West,Books,5.0,50,250.0,5
10294,2024-05-06,West,Home,3.0,500,200.0,5
10294,2024-05-07,North,Books,3.0,20,60.0,5
10439,2024-05-08,South,Clothing,5.0,50,250.0,5
10497,2024-05-09,North,Books,4.0,5,20.0,5
10458,2024-05-10,South,Clothing,1.0,20,20.0,5
10348,2024-05-11,West,Electronics,1.0,5,5.0,5
10212,2024-05-12,East,Clothing,4.0,250,1000.0,5
10044,2024-05-13,North,Home,4.0,50,200.0,5
10179,2024-05-14,South,Electronics,4.0,100,400.0,5
10341,2024-05-15,North,Electronics,3.0,100,300.0,5
10195,2024-05-16,West,Home,4.0,50,176.6163683730949,5
10112,2024-05-17,East,Home,4.0,100,400.0,5
10137,2024-05-18,South,Books,4.0,500,2000.0,5
10251,2024-05-19,West,Books,1.0,100,100.0,5
10063,2024-05-20,North,Unknown,3.0,5,15.0,5
10085,2024-05-21,West,Clothing,2.0,5,10.0,5
10314,2024-05-22,South,Unknown,3.0,100,300.0,5
10384,2024-05-23,North,Clothing,3.0,5,15.0,5
10433,2024-05-24,North,Electronics,1.0,100,100.0,5
10459,2024-05-25,West,Electronics,5.0,500,2500.0,5
10161,2024-05-26,East,Books,3.0,500,1500.0,5
10255,2024-05-27,North,Books,5.0,5,25.0,5
10379,2024-05-28,East,Clothing,1.0,100,100.0,5
10238,2024-05-29,North,Home,1.0,250,250.0,5
10323,2024-05-30,North,Unknown,1.0,50,200.0,5
10407,2024-05-31,East,Books,5.0,250,1250.0,5
10381,2024-06-01,West,Unknown,3.0,50,200.0,6
10196,2024-06-02,North,Unknown,5.0,missing,25.0,6
10426,2024-06-03,West,Books,1.0,5,5.0,6
10029,2024-06-04,West,Unknown,5.0,500,2500.0,6
10182,2024-06-05,South,Home,1.0,50,50.0,6
10430,2024-06-07,South,Electronics,3.0,250,750.0,6
10103,2024-06-08,East,Electronics,3.0,250,200.0,6
10330,2024-06-09,South,Electronics,4.0,5,20.0,6
10362,2024-06-10,West,Home,4.0,500,2000.0,6
10042,2024-06-11,South,Books,1.0,50,200.0,6
10293,2024-06-12,South,Unknown,4.0,50,200.0,6
10425,2024-06-13,South,Home,5.0,20,100.0,6
10269,2024-06-14,East,Home,4.0,100,400.0,6
10355,2024-06-15,South,Books,4.0,100,400.0,6
10165,2024-06-16,West,Books,5.0,100,500.0,6
10343,2024-06-17,South,Electronics,4.0,5,28.09316560488288,6
10198,2024-06-18,North,Home,4.0,100,400.0,6
10060,2024-06-19,North,Books,3.0,50,150.0,6
10336,2024-06-20,South,Electronics,3.0,100,300.0,6
10132,2024-06-21,East,Clothing,4.0,50,200.0,6
10166,2024-06-22,East,Electronics,5.0,250,1250.0,6
10371,2024-06-23,West,Unknown,5.0,50,250.0,6
10087,2024-06-24,South,Electronics,1.0,100,158.628307299832,6
10175,2024-06-25,South,Unknown,2.0,5,10.0,6
10015,2024-06-26,West,Unknown,4.0,100,400.0,6
10485,2024-06-27,South,Home,4.0,50,200.0,6
10179,2024-06-29,North,Clothing,3.0,5,200.0,6
10365,2024-06-30,South,Books,5.0,20,100.0,6
10294,2024-07-01,South,Books,4.0,50,60.80921220215602,7
10314,2024-07-02,East,Clothing,4.0,50,200.0,7
10495,2024-07-03,South,Clothing,5.0,5,25.0,7
10344,2024-07-04,East,Electronics,1.0,50,200.0,7
10070,2024-07-05,South,Clothing,2.0,5,10.0,7
10217,2024-07-06,West,Unknown,1.0,100,100.0,7
10268,2024-07-07,East,Clothing,4.0,50,200.0,7
10291,2024-07-09,South,Clothing,1.0,50,50.0,7
10081,2024-07-10,North,Books,1.0,100,100.0,7
10298,2024-07-11,North,Clothing,2.0,500,1000.0,7
10340,2024-07-12,West,Electronics,5.0,500,2500.0,7
10291,2024-07-13,West,Clothing,3.0,500,1500.0,7
10448,2024-07-14,South,Unknown,2.0,50,200.0,7
10499,2024-07-15,South,Unknown,3.0,50,150.0,7
10331,2024-07-16,West,Unknown,2.0,5,10.0,7
10325,2024-07-17,South,Clothing,2.0,500,1000.0,7
10196,2024-07-18,North,Clothing,4.0,5,20.0,7
10005,2024-07-19,East,Home,4.0,20,80.0,7
10105,2024-07-20,South,Books,2.0,5,10.0,7
10136,2024-07-21,South,Electronics,4.0,500,2000.0,7
10235,2024-07-22,West,Electronics,1.0,100,100.0,7
10315,2024-07-23,North,Clothing,3.0,5,200.0,7
10113,2024-07-24,South,Home,1.0,50,50.0,7
10259,2024-07-25,South,Home,4.0,20,80.0,7
10296,2024-07-26,East,Home,3.0,20,200.0,7
10441,2024-07-27,South,Clothing,2.0,250,500.0,7
10331,2024-07-28,North,Electronics,2.0,250,500.0,7
10073,2024-07-29,South,Home,5.0,100,500.0,7
10350,2024-07-30,South,Home,3.0,50,200.0,7
10005,2024-07-31,North,Clothing,2.0,50,68.62745696045285,7
10001,2024-08-01,East,Electronics,4.0,5,20.0,8
10181,2024-08-02,South,Books,5.0,20,100.0,8
10114,2024-08-03,North,Books,4.0,50,200.0,8
10472,2024-08-04,South,Unknown,2.0,50,200.0,8
10021,2024-08-05,East,Electronics,4.0,500,2000.0,8
10478,2024-08-07,West,Clothing,2.0,20,40.0,8
10378,2024-08-08,East,Unknown,4.0,500,2000.0,8
10032,2024-08-09,North,Books,3.0,20,60.0,8
10369,2024-08-10,East,Electronics,4.0,500,2000.0,8
10050,2024-08-11,West,Clothing,1.0,250,250.0,8
10369,2024-08-12,East,Home,2.0,500,1000.0,8
10235,2024-08-13,South,Clothing,2.0,100,200.0,8
10151,2024-08-14,South,Home,5.0,250,1250.0,8
10159,2024-08-15,South,Unknown,3.0,100,300.0,8
10115,2024-08-16,North,Books,2.0,50,200.0,8
10321,2024-08-17,North,Home,5.0,5,25.0,8
10163,2024-08-18,South,Unknown,1.0,20,20.0,8
10085,2024-08-19,South,Clothing,2.0,250,500.0,8
10080,2024-08-20,North,Books,4.0,250,1000.0,8
10405,2024-08-21,North,Electronics,2.0,100,171.25601029954117,8
10402,2024-08-22,North,Home,4.0,500,2000.0,8
10395,2024-08-23,South,Electronics,4.0,5,20.0,8
10001,2024-08-24,East,Clothing,1.0,500,500.0,8
10385,2024-08-25,South,Books,1.0,500,500.0,8
10227,2024-08-26,South,Clothing,5.0,50,200.0,8
10164,2024-08-27,North,Books,3.0,250,750.0,8
10120,2024-08-28,South,Home,1.0,20,20.0,8
10119,2024-08-29,West,Home,1.0,50,80.46392008043813,8
10157,2024-08-30,North,Unknown,3.0,500,1500.0,8
10426,2024-08-31,South,Home,5.0,50,200.0,8
10292,2024-09-01,East,Electronics,2.0,50,200.0,9
10342,2024-09-02,West,Clothing,3.0,20,200.0,9
10487,2024-09-03,North,Books,1.0,100,78.54591993062165,9
10174,2024-09-04,North,Books,4.0,500,2000.0,9
10345,2024-09-05,West,Unknown,4.0,500,2000.0,9
10445,2024-09-06,South,Books,3.0,5,20.17039285938848,9
10215,2024-09-07,West,Books,2.0,50,100.0,9
10088,2024-09-08,North,Unknown,2.0,5,10.0,9
10477,2024-09-09,South,Home,4.0,50,200.0,9
10244,2024-09-10,North,Home,5.0,100,500.0,9
10396,2024-09-11,South,Electronics,3.0,5,15.0,9
10377,2024-09-12,East,Unknown,2.0,5,10.0,9
10012,2024-09-13,East,Home,3.0,5,15.0,9
10374,2024-09-14,East,Clothing,3.0,5,200.0,9
10407,2024-09-15,West,Unknown,2.0,100,200.0,9
10413,2024-09-16,South,Clothing,1.0,20,20.0,9
10421,2024-09-17,East,Clothing,5.0,20,100.0,9
10323,2024-09-18,North,Home,1.0,missing,500.0,9
10094,2024-09-19,North,Unknown,5.0,50,250.0,9
10360,2024-09-20,South,Clothing,4.0,100,400.0,9
10362,2024-09-21,South,Clothing,3.0,250,200.0,9
10311,2024-09-22,North,Clothing,2.0,50,200.0,9
10171,2024-09-23,South,Unknown,5.0,500,2500.0,9
10251,2024-09-24,South,Clothing,1.0,5,5.0,9
10393,2024-09-25,East,Clothing,5.0,50,200.0,9
10167,2024-09-26,South,Clothing,2.0,500,1000.0,9
10091,2024-09-27,East,Clothing,3.0,50,200.0,9
10146,2024-09-28,West,Home,5.0,50,250.0,9
10145,2024-09-29,South,Clothing,4.0,20,80.0,9
10072,2024-09-30,West,Unknown,3.0,100,300.0,9
10119,2024-10-01,West,Home,2.0,250,500.0,10
10057,2024-10-02,South,Books,5.0,500,2500.0,10
10246,2024-10-03,South,Clothing,3.0,250,750.0,10
10261,2024-10-04,West,Unknown,2.0,250,797.8584533993641,10
10255,2024-10-05,West,Books,3.0,100,300.0,10
10175,2024-10-06,South,Home,5.0,50,200.0,10
10068,2024-10-07,South,Books,1.0,50,50.0,10
10241,2024-10-08,South,Clothing,2.0,50,100.0,10
10216,2024-10-09,East,Books,5.0,50,250.0,10
10431,2024-10-10,East,Home,4.0,missing,80.0,10
10285,2024-10-11,South,Unknown,3.0,250,750.0,10
10173,2024-10-12,South,Books,1.0,5,5.0,10
10293,2024-10-13,North,Unknown,1.0,250,250.0,10
10032,2024-10-14,South,Home,3.0,250,750.0,10
10305,2024-10-15,South,Unknown,4.0,5,20.0,10
10041,2024-10-16,West,Home,2.0,50,100.0,10
10406,2024-10-18,West,Unknown,4.0,5,20.0,10
10188,2024-10-19,South,Unknown,3.0,250,750.0,10
10256,2024-10-20,East,Electronics,5.0,50,250.0,10
10321,2024-10-21,South,Unknown,2.0,100,200.0,10
10029,2024-10-22,West,Unknown,5.0,500,2500.0,10
10008,2024-10-23,South,Books,3.0,500,1500.0,10
10044,2024-10-24,South,Home,1.0,50,50.0,10
10347,2024-10-25,North,Books,3.0,20,200.0,10
10134,2024-10-26,East,Clothing,3.0,100,300.0,10
10322,2024-10-28,East,Books,1.0,missing,20.0,10
10214,2024-10-29,South,Unknown,2.0,50,100.0,10
10090,2024-10-30,North,Books,3.0,20,60.0,10
10181,2024-10-31,East,Books,5.0,50,200.0,10
10498,2024-11-01,North,Books,1.0,500,500.0,11
10090,2024-11-02,North,Books,3.0,50,200.0,11
10379,2024-11-03,South,Home,5.0,500,2500.0,11
10022,2024-11-04,North,Electronics,3.0,20,60.0,11
10103,2024-11-05,North,Home,3.0,50,150.0,11
10377,2024-11-07,South,Unknown,3.0,50,200.0,11
10166,2024-11-08,West,Electronics,4.0,50,200.0,11
10282,2024-11-09,East,Books,4.0,20,80.0,11
10383,2024-11-10,South,Electronics,5.0,500,2500.0,11
10069,2024-11-11,East,Electronics,2.0,250,500.0,11
10414,2024-11-12,East,Clothing,4.0,50,200.0,11
10151,2024-11-13,East,Electronics,2.0,20,40.0,11
10033,2024-11-14,West,Home,2.0,100,200.0,11
10320,2024-11-15,South,Books,5.0,20,38.4910727824954,11
10471,2024-11-16,South,Unknown,3.0,20,200.0,11
10227,2024-11-17,North,Electronics,2.0,100,200.0,11
10011,2024-11-18,South,Unknown,5.0,20,100.0,11
10334,2024-11-19,East,Electronics,3.0,50,200.0,11
10164,2024-11-20,North,Electronics,4.0,250,1000.0,11
10418,2024-11-21,South,Unknown,3.0,100,300.0,11
10039,2024-11-22,North,Home,2.0,50,200.0,11
10360,2024-11-23,North,Unknown,2.0,5,10.0,11
10113,2024-11-24,South,Electronics,3.0,20,60.0,11
10465,2024-11-25,East,Books,1.0,500,500.0,11
10453,2024-11-26,South,Clothing,5.0,100,500.0,11
10408,2024-11-27,West,Books,2.0,5,10.0,11
10001,2024-11-28,South,Unknown,4.0,250,1000.0,11
10083,2024-11-29,South,Unknown,3.0,100,300.0,11
10458,2024-11-30,North,Home,2.0,100,200.0,11
10402,2024-12-02,North,Books,5.0,50,250.0,12
10259,2024-12-03,North,Books,5.0,20,100.0,12
10015,2024-12-04,South,Books,1.0,50,200.0,12
10175,2024-12-05,North,Electronics,3.0,500,1500.0,12
10323,2024-12-06,South,Books,4.0,250,1233.7768865469586,12
10288,2024-12-07,East,Home,1.0,100,100.0,12
10393,2024-12-08,South,Electronics,4.0,250,1000.0,12
10078,2024-12-09,North,Home,5.0,20,100.0,12
10170,2024-12-11,South,Home,3.0,500,1500.0,12
10155,2024-12-12,North,Clothing,1.0,250,250.0,12
10104,2024-12-13,West,Electronics,2.0,50,100.0,12
10275,2024-12-14,East,Electronics,5.0,100,500.0,12
10341,2024-12-15,South,Books,1.0,50,200.0,12
10024,2024-12-16,West,Home,4.0,20,80.0,12
10184,2024-12-17,South,Electronics,4.0,250,1000.0,12
10413,2024-12-18,South,Electronics,3.0,250,750.0,12
10349,2024-12-19,South,Electronics,5.0,50,250.0,12
10380,2024-12-20,South,Unknown,1.0,100,100.0,12
10208,2024-12-21,West,Electronics,4.0,250,1000.0,12
10302,2024-12-22,North,Electronics,3.0,100,300.0,12
10354,2024-12-23,North,Home,5.0,50,250.0,12
10449,2024-12-24,East,Unknown,3.0,100,300.0,12
10258,2024-12-25,West,Home,2.0,5,10.0,12
10281,2024-12-26,West,Books,2.0,5,10.0,12
10104,2024-12-27,West,Clothing,3.0,5,15.0,12
10315,2024-12-28,North,Home,1.0,50,50.0,12
10293,2024-12-29,North,Home,5.0,50,200.0,12
10043,2024-12-30,East,Clothing,4.0,5,20.0,12
10048,2024-12-31,South,Home,2.0,100,200.0,12
10343,2025-01-01,South,Home,4.0,100,400.0,1
10428,2025-01-02,North,Electronics,3.0,100,200.0,1
10386,2025-01-03,South,Electronics,4.0,5,20.0,1
10085,2025-01-04,South,Books,3.0,250,750.0,1
10201,2025-01-05,South,Books,4.0,100,400.0,1
10344,2025-01-06,East,Home,5.0,5,25.0,1
10175,2025-01-07,South,Unknown,4.0,missing,400.0,1
10308,2025-01-08,South,Electronics,2.0,50,200.0,1
10382,2025-01-09,North,Books,1.0,50,200.0,1
10028,2025-01-10,North,Clothing,2.0,50,200.0,1
10292,2025-01-11,East,Electronics,3.0,20,60.0,1
10207,2025-01-12,East,Home,5.0,50,200.0,1
10151,2025-01-13,South,Clothing,1.0,500,500.0,1
10117,2025-01-14,West,Electronics,5.0,250,1250.0,1
10090,2025-01-15,North,Books,1.0,50,200.0,1
10118,2025-01-16,South,Home,2.0,100,200.0,1
10190,2025-01-17,East,Unknown,3.0,50,150.0,1
10495,2025-01-20,North,Home,1.0,50,50.0,1
10031,2025-01-21,North,Books,2.0,500,1000.0,1
10107,2025-01-22,West,Clothing,3.0,50,150.0,1
10077,2025-01-23,South,Unknown,2.0,500,1000.0,1
10442,2025-01-24,South,Clothing,3.0,missing,200.0,1
10431,2025-01-25,East,Clothing,4.0,100,400.0,1
10494,2025-01-26,South,Home,2.0,20,40.0,1
10344,2025-01-27,East,Electronics,4.0,50,200.0,1
10359,2025-01-28,East,Clothing,4.0,250,1000.0,1
10250,2025-01-29,West,Electronics,5.0,50,200.0,1
10249,2025-01-30,South,Home,5.0,5,25.0,1
10444,2025-01-31,South,Unknown,3.0,5,15.0,1
10089,2025-02-01,North,Unknown,5.0,250,1250.0,2
10343,2025-02-02,North,Home,3.0,500,200.0,2
10156,2025-02-03,South,Books,3.0,5,15.0,2
10387,2025-02-04,South,Unknown,5.0,250,1250.0,2
10307,2025-02-05,North,Unknown,3.0,100,300.0,2
10403,2025-02-06,South,Books,3.0,100,300.0,2
10364,2025-02-07,West,Unknown,2.0,50,200.0,2
10486,2025-02-08,West,Home,1.0,20,20.0,2
10018,2025-02-09,East,Home,2.0,100,200.0,2
10053,2025-02-10,West,Books,2.0,250,500.0,2
10466,2025-02-11,West,Electronics,4.0,500,2000.0,2
10005,2025-02-12,North,Books,4.0,20,80.0,2
10090,2025-02-13,South,Home,4.0,20,80.0,2
10222,2025-02-14,South,Unknown,5.0,5,25.0,2
10332,2025-02-15,East,Books,4.0,500,2000.0,2
10102,2025-02-16,North,Clothing,3.0,500,1500.0,2
10255,2025-02-17,East,Electronics,4.0,500,2000.0,2
10224,2025-02-18,West,Electronics,4.0,20,80.0,2
10059,2025-02-19,South,Unknown,5.0,20,100.0,2
10004,2025-02-20,West,Unknown,2.0,50,100.0,2
10415,2025-02-21,East,Books,5.0,20,100.0,2
10462,2025-02-22,West,Unknown,2.0,100,200.0,2
10454,2025-02-23,North,Home,1.0,20,20.0,2
10249,2025-02-24,South,Unknown,5.0,50,200.0,2
10232,2025-02-25,East,Electronics,2.0,50,200.0,2
10063,2025-02-26,North,Unknown,5.0,100,500.0,2
10001,2025-02-27,West,Unknown,2.0,500,1000.0,2
10491,2025-02-28,North,Books,2.0,50,200.0,2
10365,2025-03-01,East,Electronics,5.0,50,200.0,3
10121,2025-03-02,South,Books,5.0,250,1250.0,3
10080,2025-03-03,South,Home,1.0,100,100.0,3
10246,2025-03-05,North,Clothing,2.0,500,1000.0,3
10101,2025-03-06,East,Home,4.0,5,20.0,3
10142,2025-03-08,West,Books,5.0,500,2500.0,3
10097,2025-03-09,South,Electronics,3.0,50,200.0,3
10056,2025-03-11,South,Clothing,4.0,250,1000.0,3
10481,2025-03-12,West,Home,2.0,5,10.0,3
10183,2025-03-13,East,Electronics,3.0,50,200.0,3
10332,2025-03-14,West,Home,4.0,50,200.0,3
10236,2025-03-15,West,Books,2.0,500,1000.0,3
10194,2025-03-16,South,Clothing,3.0,5,15.0,3
10353,2025-03-17,North,Unknown,2.0,50,100.0,3
10232,2025-03-18,East,Books,4.0,5,20.0,3
10391,2025-03-19,East,Clothing,4.0,20,80.0,3
10305,2025-03-20,North,Books,1.0,100,100.0,3
10388,2025-03-21,North,Unknown,3.0,20,60.0,3
10423,2025-03-22,West,Unknown,2.0,100,200.0,3
10056,2025-03-23,South,Unknown,5.0,20,100.0,3
10479,2025-03-24,South,Home,2.0,250,500.0,3
10389,2025-03-25,South,Clothing,4.0,500,2000.0,3
10220,2025-03-26,West,Books,4.0,250,1000.0,3
10105,2025-03-27,East,Clothing,4.0,500,2000.0,3
10287,2025-03-28,West,Books,3.0,50,200.0,3
10283,2025-03-29,West,Home,2.0,500,1000.0,3
10303,2025-03-30,South,Electronics,1.0,50,50.0,3
10056,2025-03-31,West,Unknown,2.0,5,10.0,3
10042,2025-04-01,West,Electronics,5.0,50,200.0,4
10311,2025-04-02,North,Clothing,2.0,50,100.0,4
10500,2025-04-03,East,Books,3.0,250,750.0,4
10283,2025-04-04,South,Books,2.0,50,200.0,4
10092,2025-04-05,West,Clothing,1.0,100,100.0,4
10218,2025-04-06,South,Home,3.0,50,200.0,4
10448,2025-04-07,North,Unknown,3.0,missing,200.0,4
10451,2025-04-08,South,Clothing,3.0,50,200.0,4
10150,2025-04-09,South,Home,2.0,100,200.0,4
10237,2025-04-10,North,Clothing,4.0,5,20.0,4
10469,2025-04-11,West,Unknown,2.0,100,200.0,4
10203,2025-04-12,North,Books,2.0,50,100.0,4
10498,2025-04-13,North,Books,3.0,100,300.0,4
10038,2025-04-15,East,Books,1.0,100,100.0,4
10301,2025-04-16,North,Home,1.0,5,5.0,4
10178,2025-04-17,North,Home,5.0,20,100.0,4
10211,2025-04-18,East,Electronics,2.0,500,1000.0,4
10302,2025-04-19,South,Home,1.0,5,5.0,4
10338,2025-04-20,East,Unknown,2.0,50,200.0,4
10312,2025-04-21,West,Electronics,5.0,50,250.0,4
10227,2025-04-24,East,Clothing,2.0,20,40.0,4
10375,2025-04-26,West,Books,1.0,50,50.0,4
10078,2025-04-27,West,Home,3.0,50,200.0,4
10063,2025-04-28,East,Electronics,4.0,50,200.0,4
10048,2025-04-29,South,Books,3.0,100,300.0,4
10070,2025-04-30,West,Unknown,3.0,50,200.0,4
10407,2025-05-01,North,Electronics,5.0,50,313.22610838056283,5
10041,2025-05-02,West,Books,3.0,20,60.0,5
10308,2025-05-03,East,Clothing,5.0,5,14.673627803907028,5
10467,2025-05-04,North,Clothing,5.0,250,1250.0,5
10066,2025-05-05,North,Electronics,1.0,20,20.0,5
10430,2025-05-06,North,Home,2.0,5,10.0,5
10438,2025-05-07,West,Electronics,2.0,5,10.0,5
10181,2025-05-09,East,Electronics,5.0,250,1250.0,5
10372,2025-05-10,West,Home,2.0,5,10.0,5
10200,2025-05-11,South,Electronics,3.0,50,200.0,5
10389,2025-05-12,South,Books,1.0,50,50.0,5
10030,2025-05-13,West,Unknown,2.0,50,100.0,5
10077,2025-05-14,West,Home,2.0,50,200.0,5
10357,2025-05-15,North,Books,3.0,50,200.0,5
10230,2025-05-17,North,Books,5.0,100,500.0,5
10003,2025-05-18,West,Home,1.0,500,500.0,5
10304,2025-05-19,South,Books,2.0,250,500.0,5
10342,2025-05-20,South,Home,5.0,50,250.0,5
10279,2025-05-21,South,Electronics,2.0,50,200.0,5
10330,2025-05-22,South,Clothing,5.0,50,250.0,5
10479,2025-05-23,West,Unknown,4.0,20,80.0,5
10343,2025-05-24,West,Electronics,4.0,5,20.0,5
10120,2025-05-25,North,Books,4.0,50,200.0,5
10438,2025-05-26,South,Books,4.0,50,200.0,5
10344,2025-05-27,South,Home,2.0,5,10.0,5
10428,2025-05-28,South,Electronics,5.0,500,1267.5395441180815,5
10053,2025-05-29,South,Books,4.0,100,400.0,5
10267,2025-05-30,East,Home,5.0,5,25.0,5
10137,2025-05-31,East,Clothing,1.0,50,200.0,5
10332,2025-06-01,North,Unknown,2.0,100,200.0,6
10120,2025-06-02,West,Books,4.0,5,7.4907786504568605,6
10296,2025-06-03,East,Books,5.0,50,250.0,6
10313,2025-06-04,South,Books,3.0,5,15.0,6
10324,2025-06-05,North,Home,5.0,50,250.0,6
10496,2025-06-06,South,Electronics,1.0,500,500.0,6
10116,2025-06-07,South,Home,1.0,5,5.0,6
10328,2025-06-08,South,Clothing,4.0,250,1000.0,6
10113,2025-06-09,North,Home,3.0,50,200.0,6
10273,2025-06-10,West,Books,2.0,5,10.0,6
10071,2025-06-11,East,Home,2.0,500,1000.0,6
10264,2025-06-12,East,Home,2.0,50,100.0,6
10334,2025-06-13,North,Books,4.0,500,2000.0,6
10017,2025-06-14,South,Clothing,3.0,250,750.0,6
10253,2025-06-15,South,Books,3.0,250,750.0,6
10003,2025-06-16,North,Unknown,5.0,250,1250.0,6
10360,2025-06-17,West,Electronics,1.0,50,200.0,6
10133,2025-06-18,South,Home,5.0,50,250.0,6
10451,2025-06-19,East,Books,5.0,100,500.0,6
10030,2025-06-20,West,Clothing,3.0,20,200.0,6
10230,2025-06-21,North,Home,5.0,50,200.0,6
10334,2025-06-22,South,Electronics,5.0,500,2500.0,6
10192,2025-06-23,East,Books,2.0,50,100.0,6
10281,2025-06-24,South,Clothing,5.0,50,200.0,6
10193,2025-06-25,West,Unknown,4.0,5,20.0,6
10214,2025-06-26,South,Books,2.0,50,200.0,6
10356,2025-06-27,North,Unknown,5.0,500,2500.0,6
10108,2025-06-28,South,Electronics,3.0,250,1081.700239995636,6
10240,2025-06-29,North,Unknown,3.0,250,200.0,6
10219,2025-06-30,West,Home,5.0,50,250.0,6
10222,2025-07-01,East,Books,5.0,50,250.0,7
10133,2025-07-03,East,Clothing,4.0,500,2000.0,7
10150,2025-07-04,South,Books,5.0,250,1250.0,7
10239,2025-07-05,East,Electronics,4.0,500,2034.812661612167,7
10156,2025-07-06,West,Home,3.0,100,300.0,7
10429,2025-07-07,West,Home,3.0,500,200.0,7
10377,2025-07-08,South,Electronics,4.0,missing,400.0,7
10459,2025-07-09,North,Books,4.0,100,400.0,7
10412,2025-07-10,South,Electronics,3.0,500,200.0,7
10449,2025-07-11,East,Electronics,4.0,20,80.0,7
10086,2025-07-12,West,Home,1.0,5,5.0,7
10282,2025-07-13,North,Clothing,4.0,50,200.0,7
10366,2025-07-14,South,Books,4.0,50,200.0,7
10452,2025-07-15,West,Electronics,5.0,50,200.0,7
10006,2025-07-16,East,Home,3.0,50,200.0,7
10385,2025-07-17,South,Home,5.0,250,1250.0,7
10174,2025-07-18,South,Home,3.0,5,200.0,7
10274,2025-07-19,South,Books,5.0,250,1250.0,7
10331,2025-07-20,East,Electronics,3.0,250,200.0,7
10296,2025-07-21,North,Electronics,3.0,50,200.0,7
10152,2025-07-22,South,Electronics,2.0,5,10.0,7
10488,2025-07-23,South,Clothing,4.0,20,80.0,7
10195,2025-07-24,South,Electronics,5.0,5,25.0,7
10468,2025-07-25,West,Books,5.0,50,250.0,7
10471,2025-07-26,South,Unknown,4.0,5,20.0,7
10333,2025-07-27,East,Electronics,3.0,100,300.0,7
10053,2025-07-28,South,Books,2.0,5,10.0,7
10281,2025-07-29,North,Electronics,1.0,100,100.0,7
10003,2025-07-30,North,Books,3.0,100,300.0,7
10200,2025-07-31,West,Home,3.0,500,1500.0,7
10477,2025-08-01,South,Home,3.0,50,200.0,8
10102,2025-08-02,South,Clothing,4.0,100,400.0,8
10072,2025-08-03,West,Clothing,4.0,50,200.0,8
10252,2025-08-04,East,Clothing,3.0,20,60.0,8
10435,2025-08-05,East,Home,1.0,missing,50.0,8
10189,2025-08-06,South,Unknown,2.0,20,40.0,8
10234,2025-08-07,South,Unknown,4.0,20,80.0,8
10292,2025-08-08,West,Books,4.0,100,400.0,8
10353,2025-08-09,North,Home,3.0,50,200.0,8
10115,2025-08-10,East,Clothing,3.0,500,1500.0,8
10282,2025-08-11,South,Electronics,4.0,missing,200.0,8
10170,2025-08-12,South,Electronics,5.0,20,100.0,8
10213,2025-08-13,South,Books,5.0,500,2500.0,8
10443,2025-08-14,West,Home,1.0,5,5.0,8
10308,2025-08-15,North,Electronics,5.0,50,200.0,8
10262,2025-08-16,West,Books,5.0,5,25.0,8
10439,2025-08-17,West,Electronics,4.0,500,2000.0,8
10381,2025-08-18,North,Home,1.0,250,250.0,8
10420,2025-08-20,North,Clothing,4.0,missing,400.0,8
10080,2025-08-21,South,Clothing,2.0,50,100.0,8
10297,2025-08-22,North,Home,4.0,500,2000.0,8
10261,2025-08-23,East,Electronics,1.0,20,29.744360883718024,8
10412,2025-08-24,North,Books,1.0,missing,50.0,8
10009,2025-08-25,West,Electronics,4.0,20,80.0,8
10066,2025-08-26,South,Home,5.0,5,25.0,8
10021,2025-08-27,South,Home,3.0,100,300.0,8
10259,2025-08-28,South,Books,1.0,50,50.0,8
10175,2025-08-29,West,Unknown,2.0,100,200.0,8
10492,2025-08-30,West,Unknown,1.0,500,500.0,8
10078,2025-08-31,East,Clothing,2.0,50,200.0,8
10265,2025-09-01,West,Electronics,1.0,100,123.636974653828,9
10406,2025-09-02,East,Clothing,4.0,20,80.0,9
10140,2025-09-03,West,Unknown,5.0,100,500.0,9
10065,2025-09-04,North,Electronics,3.0,20,60.0,9
10011,2025-09-05,East,Home,4.0,20,80.0,9
10362,2025-09-06,South,Clothing,1.0,20,20.0,9
10370,2025-09-08,East,Electronics,4.0,20,80.0,9
10418,2025-09-09,West,Home,1.0,50,200.0,9
10284,2025-09-10,North,Electronics,3.0,500,1500.0,9
10032,2025-09-11,South,Electronics,3.0,50,150.0,9
10396,2025-09-12,West,Books,5.0,500,2500.0,9
10032,2025-09-13,North,Clothing,5.0,50,200.0,9
10485,2025-09-14,West,Electronics,1.0,50,42.19937431152872,9
10290,2025-09-15,West,Electronics,4.0,250,1000.0,9
10266,2025-09-16,South,Books,1.0,missing,200.0,9
10222,2025-09-17,North,Unknown,3.0,50,200.0,9
10335,2025-09-18,North,Books,5.0,20,100.0,9
10067,2025-09-19,North,Unknown,2.0,5,10.0,9
10330,2025-09-20,West,Home,4.0,500,2000.0,9
10204,2025-09-21,South,Home,3.0,100,300.0,9
10122,2025-09-22,West,Clothing,1.0,5,5.0,9
10322,2025-09-23,East,Books,5.0,250,1250.0,9
10483,2025-09-24,East,Unknown,4.0,250,1000.0,9
10192,2025-09-25,South,Electronics,2.0,20,40.0,9
10082,2025-09-26,West,Clothing,2.0,250,500.0,9
